了,3596
的,2062
悟空,1859
我,1798
说,1557
他,1513
你,1005
是,776
唐,758
在,756
僧,711
着,573
我们,568
一,565
不,537
八,518
那,497
戒,490
妖怪,449
一个,434
看,416
个,409
就,397
走,393
他们,385
去,350
上,335
净,335
有,313
把,310
要,306
里,305
到,304
很,293
大,292
都,290
和,266
人,257
会,255
菩萨,246
这,243
来,242
你们,235
地,231
小,224
想,216
叫,210
悟,206
又,204
王,197
打,190
太,187
问,186
什么,185
现在,185
道,181
好,179
得,179
能,176
也,175
可以,172
吧,172
吗,172
父,170
啊,162
笑,162
金,159
起来,156
只,152
观音,152
这里,151
猴子,150
从,149
师,148
知道,146
向,145
出来,145
出,144
们,143
箍棒,141
妖,134
头,133
吃,132
过,132
跑,131
拿,130
怎么,129
天,128
孙,128
起,127
她,125
那个,124
被,122
道士,121
还,119
呢,116
让,116
给,115
两,115
山,112
和尚,112
跳,111
对,110
用,109
进,107
没,103
孩儿,103
飞,102
门,101
然后,100
变,99
谁,97
自己,96
看到,95
没有,93
下,92
喊,92
一下,92
您,92
但,91
再,91
站,89
回,89
做,88
将,86
玉帝,85
另,85
佛祖,85
红,85
时候,84
突然,82
非常,80
为什么,80
过去,79
回来,79
真,79
口,78
告诉,76
它,75
龙,75
所有,74
正,74
点,74
坐,72
等,72
朝,72
很快,71
变成,71
瓶,71
厉害,70
公主,70
后,69
大仙,69
女人,69
国王,69
三,68
放,67
抓,66
才,65
念,65
继续,64
找,64
开始,64
一起,63
黑,63
那里,62
咒,62
寇,62
一会儿,61
看上去,61
水,60
离开,60
如果,60
下来,59
气,59
哦,59
一直,59
谢谢,59
去西天,59
马上,58
帮,58
座,57
天庭,57
当,57
声音,56
别,56
一定,56
马,56
住,55
回到,54
条,54
男人,54
师徒,54
员,54
很多,53
房间,53
扇,53
四,52
大笑,52
声,52
取,52
狮怪,52
眼睛,51
洞,51
过来,51
几,51
带,51
精,51
天兵,51
外,51
跟,50
经,50
兵器,50
袈裟,50
是的,49
已经,49
请,49
多,49
生气,49
可是,49
担心,48
火,48
真经,48
前,47
大王,47
必须,47
需要,47
老君,47
和悟,47
可能,46
但是,46
箍,46
扇子,46
大家,45
这个,45
掉,45
行,45
河,45
铁,45
西天,44
老虎,44
寺院,44
山上,43
消失,43
真的,43
冲,42
叹,42
地上,42
打败,42
老,42
虎力,42
希望,41
长生不老,41
一样,41
成,41
钉,41
觉得,40
事情,40
礼,40
出去,40
转身,40
救,40
风,40
徒弟,40
子,39
停,38
年,38
举起,38
耙,38
假,38
看看,37
时,37
其他,37
皱,37
应该,37
空中,37
怪,37
倒,37
偷,37
帮助,37
还有,36
事,36
这些,36
神,36
出现,36
看见,36
外面,35
了洞,35
高兴,35
更,35
东西,35
这时,35
耸,34
找到,34
听到,34
弟子,34
伤害,34
鼻子,34
相信,34
穴,34
哪里,33
巨大,33
大叫,33
微笑,33
话,33
提,33
迅速,33
哭,33
蟠桃,33
回去,33
金角大,33
身体,32
不见,32
食物,32
菩,32
不要,32
开,32
紧,32
肚子,32
老龟,32
铃铛,32
来到,31
害怕,31
的洞,31
剑,31
打开,31
里面,30
哼,30
中,30
祖师,30
那些,30
件,30
快,30
次,30
路,30
熊,30
大喊,30
夫人,30
后面,29
敢,29
危险,29
边,29
美猴,29
这么,29
咬,29
死,29
灵,29
牛魔王,29
象怪,29
胖,29
有人,28
长,28
动,28
阎,28
立刻,28
角,28
石头,27
脑袋,27
听,27
说话,27
眉头,27
正在,27
朝着,27
干,27
村子,27
一路,26
朋友,26
面前,26
还是,26
下去,26
嗯,26
大吃一惊,26
王后,26
陈,26
圈,26
官府,26
花果山,25
河里,25
大声,25
那么,25
天上,25
哪儿,25
比,25
也许,25
咒语,25
信使,25
砸,25
饿,25
进去,25
老人,25
最后,24
发现,24
一边,24
第一,24
云,24
摇摇,24
根,24
抓住,24
抽出,24
可,24
指,24
骗,24
自言自语,24
拍,24
吉,24
元,24
参果,24
黄眉大,24
回答,23
地方,23
麻烦,23
我会,23
因为,23
办,23
逃,23
发抖,23
办法,23
一阵,23
听说,23
镇,23
块,22
快速,22
发生,22
睡觉,22
瞪,22
屋子,22
这样,22
第二,22
你好,22
吓,22
到达,22
他大叫,22
妖们,22
手,22
用力,22
旁边,22
扔,22
儿,22
宝,21
爬,21
晚上,21
高,21
长臂,21
猿,21
进来,21
却,21
悄悄,21
样子,21
雷,21
举,21
那天,21
西,21
唐僧,21
挡,21
附近,21
猪,21
男,21
法术,20
道光,20
陛下,20
之前,20
说道,20
为,20
确实,20
装,20
居然,20
整个,20
追,20
前面,20
睡,20
行人,20
小声,20
兕,20
大鹏,20
不一会儿,19
早上,19
醒,19
砰,19
宴,19
大人,19
烟,19
船,19
独,19
肩,18
今天,18
主意,18
了挠,18
摇头,18
并,18
神仙,18
抬头,18
准备,18
问题,18
重,18
太白,18
吸,18
帮忙,18
仔细,18
卷轴,18
强盗,18
闪过,18
小心,18
行李,18
黄风怪,18
参,18
果树,18
哒,18
火焰,18
沿着,17
岩石,17
张,17
亮,17
时间,17
睡着,17
这儿,17
吹,17
保护,17
肯定,17
可怕,17
双手,17
金星,17
庭,17
二郎,17
点儿,17
四处,17
远,17
不用,17
音寺,17
低头,17
步,17
求,17
点点头,17
住持,17
关,17
往,17
观,17
殿,16
果子,16
喜欢,16
落,16
当然,16
巴,16
木头,16
怎么样,16
停止,16
毛,16
抬,16
保证,16
宝贝,16
耳朵,16
紧张,16
完,16
仙,16
好像,16
传来,16
火神,16
烧,16
身,16
皇帝,16
小时,16
休息,16
抱怨,16
路上,16
布,16
蜘,16
山顶,15
躺,15
光,15
力,15
一切,15
问道,15
越,15
树,15
跟着,15
摸了,15
摸,15
动物,15
位,15
名字,15
绑,15
怕,15
宫殿,15
慢慢,15
最,15
大门,15
间,15
犹豫,15
不行,15
整,15
该,15
女子,15
惊讶,15
钱,15
计划,15
哈,15
嘣,15
八戒,15
腿,15
四人,15
南,14
瀑布,14
满,14
活,14
土地,14
干什么,14
回家,14
惹,14
放在,14
金光,14
生死簿,14
浑身,14
坏,14
摇,14
派,14
打斗,14
咳,14
停下,14
可恶,14
不然,14
手里,14
脸,14
金龙,14
绝对,14
安全,14
人们,14
背心,14
牛,14
头目,14
石猴,13
棵,13
只要,13
呃,13
一早,13
见,13
实在,13
教,13
呀,13
先,13
不好,13
混世魔王,13
模,13
矛,13
来说,13
惩罚,13
眉毛,13
好吃,13
嘴唇,13
哐,13
手臂,13
退,13
身后,13
抱,13
跪,13
宝塔,13
没事,13
见到,13
药丸,13
嘟,13
瓶里,13
坐禅,13
弥勒佛,13
久,12
第三,12
盯,12
家,12
穿,12
永远,12
开门,12
一些,12
对不起,12
所以,12
低声,12
像,12
冥界,12
鬼,12
写,12
翻,12
经历,12
四周,12
抱歉,12
如,12
重要,12
连,12
雷神,12
炉,12
眼,12
如来,12
靠近,12
山下,12
真正,12
举行,12
飞快,12
父亲,12
今晚,12
我师,12
狼,12
刚才,12
疑惑,12
脚,12
以为,12
宝杖,12
推,12
听见,12
年轻人,12
村民,12
丈夫,12
身边,11
天门,11
人间,11
小溪,11
群,11
挠,11
上去,11
桌子,11
圣人,11
敲,11
充满,11
游,11
再次,11
幽,11
拳头,11
发光,11
红衣,11
呆,11
她们,11
躲,11
躲开,11
冷,11
盖,11
转,11
撒谎,11
盛,11
放下,11
普陀,11
感谢,11
敲门,11
肩膀,11
洞穴,11
颗,11
解开,11
厨房,11
安静,11
路边,11
曾经,11
儿子,11
凌霄,10
奇怪,10
空气,10
下面,10
完美,10
明白,10
强,10
欢呼,10
冒,10
怒火,10
坏事,10
袭击,10
洞口,10
尖叫,10
越来越,10
茶,10
跺脚,10
挥舞,10
刚,10
毫,10
记得,10
园,10
娘娘,10
明天,10
怒,10
依然,10
而,10
抽,10
到底,10
赢,10
高僧,10
骑,10
护送,10
暴力,10
戴,10
睁,10
为了,10
好疼,10
错,10
那条龙,10
递给,10
原谅,10
其他人,10
丸,10
天空,10
怀疑,10
——,10
擦,10
袖子,10
年轻,10
舔,10
原形,10
王宫,10
门将,10
王子,10
孩子,10
小船,10
冰面,10
青,10
蝎子,10
官,10
铙,10
亢,10
蛛丝,10
以前,9
结果,9
天宫,9
之,9
试试,9
确定,9
碗,9
有些,9
些,9
双臂,9
树林,9
宴会,9
生活,9
世界,9
木,9
每个,9
特别,9
原来,9
拔,9
到处,9
它们,9
闪闪,9
王母,9
吵,9
所,9
嘴巴,9
闹,9
无法,9
一点儿,9
简单,9
紧紧,9
压,9
符,9
困,9
交,9
受伤,9
滚,9
拉,9
河面,9
上来,9
一眼,9
房子,9
泪水,9
同意,9
咕,9
闭,9
捂,9
从洞,9
宽恕,9
警告,9
空,9
河边,9
引,9
消息,9
绳子,9
锅,9
女儿,9
哎,9
香,9
仆人,9
互相,9
宝藏,9
山坡,9
箱子,9
脖子,9
另一,9
大愿,9
一只,8
起身,8
双,8
弄,8
摘,8
热,8
喝,8
流,8
树上,8
呼吸,8
交叉,8
笑容,8
新,8
就要,8
开心,8
忙,8
本事,8
发出,8
眼里,8
遇到,8
朵,8
曾,8
东海,8
摔倒,8
嗖,8
海洋,8
命令,8
有点,8
上面,8
扬,8
挂,8
接着,8
蓝衣,8
了观音,8
扑,8
逃跑,8
柱子,8
雕像,8
手掌,8
结束,8
只有,8
升,8
转过,8
河岸,8
讨厌,8
走过,8
极,8
挥,8
昨晚,8
午饭,8
得到,8
紫色,8
呻吟,8
背,8
吃惊,8
门前,8
其实,8
攻击,8
前方,8
小偷,8
脸上,8
毁,8
谎,8
揉,8
油,8
狮子,8
甘露,8
周围,8
百花,8
伤心,8
星,8
乌,8
鸡国,8
求雨,8
玉,8
露出,8
捂住,8
莲花,8
蜈,8
蚣,8
家里,8
大白,8
香瓜,8
款待,8
每天,7
下界,7
有意思,7
水花,7
之后,7
学,7
终于,7
夫,7
祖,7
刚刚,7
离,7
近,7
一点,7
力量,7
低下,7
提醒,7
猜,7
赶走,7
支,7
不错,7
兵,7
走近,7
感觉,7
握紧,7
直,7
挣扎,7
打倒,7
‘,7
不管,7
容易,7
领,7
查看,7
转向,7
痛苦,7
根本,7
真是,7
面,7
鹤,7
水面,7
和观音,7
捅,7
痒,7
丹,7
大火,7
认为,7
证明,7
句,7
祝,7
摔,7
上路,7
败,7
四下,7
哗啦,7
客气,7
走向,7
拼命,7
没法,7
同伴,7
本来,7
爆炸,7
不再,7
向善,7
疼,7
对岸,7
匹,7
的话,7
暗,7
邪恶,7
来自,7
乐,7
帮帮,7
嘴里,7
原样,7
扮,7
只猪,7
囔,7
就毁,7
隧道,7
西方,7
沙悟,7
了道,7
饭,7
个神,7
扔下,7
救活,7
这次,7
起死回生,7
婆婆,7
了悟,7
痛,7
咯咯,7
啄,7
熄灭,7
星辰,7
金绳,7
男孩,7
喷,7
下雨,7
经过,7
蚤,7
篮子,7
那庙,7
了金钢,7
谛听,7
那边,7
岁,7
毗,7
蓝婆,7
月,6
总,6
悬崖,6
水里,6
穿过,6
试,6
不怕,6
深处,6
床,6
怎样,6
那儿,6
成为,6
思考,6
别的,6
秘诀,6
练习,6
留,6
噗,6
刺,6
以后,6
侍,6
与此同时,6
受到,6
撞,6
原,6
形,6
而且,6
伤,6
数,6
身上,6
盖子,6
如来佛,6
速度,6
住手,6
好好,6
其中,6
回头,6
愿意,6
各种,6
是观音,6
下午,6
包裹,6
好运,6
教训,6
大河,6
凡,6
还给,6
河水,6
受罚,6
飞过,6
驮,6
全身,6
牵,6
河神,6
补充,6
踢,6
尘土,6
是猪,6
爪子,6
戒用,6
正殿,6
他挥舞,6
刮,6
觉,6
定,6
扔到,6
婴儿,6
等等,6
锁,6
逃出,6
花园,6
妻子,6
欠,6
伸,6
国,6
普通,6
累,6
查,6
魔法,6
力气,6
’,6
只是,6
没用,6
雨,6
包围,6
三昧,6
咳嗽,6
找观音,6
台,6
咽,6
口口,6
比赛,6
有法力,6
借,6
那金钢,6
结婚,6
俩,6
囔道,6
沙,6
成佛,6
天地,5
天气,5
啦,5
深,5
美丽,5
花,5
墙,5
溅,5
挥手,5
最终,5
山路,5
座庙,5
表情,5
活儿,5
知,5
兴趣,5
无,5
关于,5
,,5
再见,5
多久,5
极了,5
强大,5
吃饭,5
虽然,5
其,5
军队,5
认识,5
拖,5
一下子,5
轻,5
过分,5
简直,5
深夜,5
进入,5
抓起,5
龙宫,5
上前,5
注意,5
送,5
意识,5
桃子,5
桃,5
了晃,5
尾巴,5
庙,5
金属,5
电,5
杀死,5
信,5
主人,5
平,5
输,5
伸出,5
五,5
层,5
东,5
教导,5
信徒,5
读,5
受苦,5
猛兽,5
裂缝,5
自由,5
蛇,5
绊,5
残忍,5
不对,5
地面,5
做饭,5
二,5
一条龙,5
返回,5
拜,5
晚,5
偷走,5
五百,5
来得及,5
叫骂,5
扑灭,5
盘子,5
顺着,5
飞扬,5
厉声,5
早饭,5
咣,5
低,5
进洞,5
烟雾,5
打碎,5
犯,5
可不,5
观里,5
珍贵,5
嘴,5
客人,5
否则,5
炸,5
气喘吁吁,5
有个,5
骨,5
面条,5
宝象,5
亲爱,5
可怜,5
哈哈,5
您好,5
凡间,5
牢,5
鸟儿,5
情况,5
总是,5
傻瓜,5
制造,5
缠住,5
敲洞,5
忘,5
除,5
是否,5
而已,5
碰,5
卫兵,5
分辨,5
疯,5
挺起,5
胸膛,5
枪,5
差点儿,5
名,5
净大叫,5
车,5
法坛,5
核,5
毯子,5
方向,5
黑雾,5
咕噜,5
角落,5
拳打脚踢,5
佛教,5
佛像,5
乌龟,5
农夫,5
您别,5
师弟,5
打算,5
外家,5
裂开,4
挺,4
雾,4
发,4
封,4
幸运,4
美,4
堆,4
唱歌,4
跳舞,4
幸福,4
学习,4
筏,4
樵,4
名叫,4
小路,4
父母,4
冥想,4
还要,4
神奇,4
漆黑,4
师父,4
后来,4
最近,4
感,4
松树,4
高声,4
任何人,4
任何,4
府,4
糟,4
不过,4
耳边,4
够,4
一点点,4
咚,4
鬼魂,4
接下来,4
划,4
召集,4
管,4
邀请,4
树枝,4
侍女,4
难道,4
吃光,4
命,4
太阳,4
升起,4
我得,4
扎,4
大大,4
窗户,4
庭院,4
这天,4
要是,4
用尽,4
直到,4
土,4
捆,4
打断,4
拦住,4
向观音,4
宫,4
带来,4
收拾,4
放松,4
辛苦,4
赶紧,4
老妇,4
僧下,4
妖龙,4
胆,4
河底,4
叫喊,4
难听,4
僧来,4
就是,4
解释,4
几乎,4
过夜,4
包,4
脚步声,4
杀,4
阻止,4
拿走,4
山里,4
巨石,4
庆祝,4
下山,4
老朋友,4
走路,4
看来,4
绕,4
脱,4
吹风术,4
着洞,4
森林,4
皱眉,4
后院,4
一万,4
那样,4
分,4
事儿,4
不好意思,4
道歉,4
溜,4
松,4
一行,4
分享,4
白,4
伪装,4
呼噜,4
豆腐,4
尚,4
就放,4
卫,4
拜访,4
英俊,4
勇敢,4
笼子,4
嘘,4
开玩笑,4
翻过,4
懒,4
木鸟,4
撒,4
打瞌睡,4
隐身,4
会化,4
棒,4
把假,4
捡,4
空悟,4
从袍,4
井里,4
眼泪,4
一千,4
颗药,4
见面,4
抢劫,4
谈谈,4
不在乎,4
点头,4
音,4
黑水河,4
正要,4
摆,4
走开,4
个桃,4
难,4
刮过,4
冰,4
跳到,4
上方,4
重新,4
佛,4
金鱼,4
人群,4
周,4
眯,4
弯腰,4
表示,4
灵山,4
过身,4
心,4
不必,4
赛,4
放到,4
除掉,4
无数,4
答应,4
你别,4
甩掉,4
磨,4
材,4
金顶,4
湿,4
这块,3
舒展,3
里蹦,3
日子,3
学会,3
玩耍,3
玩儿,3
水流,3
在溪,3
没什么,3
处,3
青苔,3
杯,3
火炉,3
许多,3
成功,3
鞠躬,3
场,3
盛大,3
宝座,3
美好,3
智慧,3
飞来,3
告别,3
之术,3
柴,3
困惑,3
轻声,3
文,3
方法,3
嘶,3
位置,3
诀,3
看门,3
仇,3
巨,3
立,3
如何,3
有的,3
水下,3
大海,3
眼看,3
跺,3
宝库,3
臭,3
铁柱,3
欺负,3
放开,3
挣脱,3
!,3
高大,3
惹出,3
查查,3
讲,3
嘛,3
园丁,3
每,3
严肃,3
踏,3
被吓,3
味道,3
看着,3
十万,3
回天庭,3
风起云涌,3
斗,3
一头,3
吞,3
从没,3
环,3
金刚,3
入,3
散去,3
炼,3
房里,3
中央,3
飞溅,3
通红,3
糟糕,3
房,3
的宫,3
使用,3
赶,3
各,3
统领,3
需,3
笨,3
圣,3
此,3
跳出,3
握,3
大唐,3
僧人,3
手中,3
取得,3
完成,3
国家,3
百姓,3
弟,3
上马,3
种,3
行走,3
愤,3
滚下,3
受,3
灌木,3
后退,3
介绍,3
僧吓,3
蜜蜂,3
大小,3
处理,3
以,3
接受,3
妇人,3
喝茶,3
吸取,3
陪,3
茶杯,3
态度,3
大喊大叫,3
同时,3
星期,3
只能,3
水底,3
从水,3
翻滚,3
对付,3
宽阔,3
从河,3
别人,3
与,3
船夫,3
没说,3
岸,3
夜里,3
伸手,3
佛教徒,3
那时,3
浓,3
烧毁,3
噢,3
这时候,3
魔,3
偷来,3
中间,3
猛地,3
长矛,3
干吗,3
傻,3
药,3
这药,3
小会儿,3
待,3
十分,3
慢,3
另外,3
叹气,3
护卫,3
怪物,3
后悔,3
僧西天,3
加入,3
苍白,3
僧肉,3
打中,3
灌木丛,3
铺,3
笑声,3
调料,3
等到,3
撞击,3
股,3
轮,3
滚动,3
扬起,3
偷偷,3
顿,3
貂鼠,3
飞龙,3
洗,3
上岸,3
黑暗,3
尖牙,3
路过,3
礼貌,3
去天,3
托盘,3
尖,3
走廊,3
尝尝,3
好笑,3
轰隆,3
遍,3
叶子,3
扫,3
旁,3
控制,3
扶,3
好几,3
闻,3
女,3
向前,3
响起,3
被关,3
年前,3
害,3
马厩,3
喂,3
他会,3
纸条,3
奎,3
小小的,3
深深,3
握住,3
头顶,3
最好,3
着悟,3
交给,3
或,3
灵魂,3
假象,3
了袍,3
通,3
现,3
吸进,3
得救,3
化,3
的袍,3
了假,3
记住,3
赶快,3
早,3
晚饭,3
庄稼,3
法力,3
唯一,3
梦,3
衣服,3
故事,3
井,3
瓶子,3
观察,3
文殊,3
顺利,3
大风,3
和平,3
鼻孔,3
乌云,3
密布,3
雷声,3
阵阵,3
大雨,3
困难,3
嘿,3
远离,3
形成,3
藏,3
对面,3
船上,3
过河,3
每次,3
外甥,3
占,3
山谷,3
快点儿,3
法,3
奴隶,3
留下,3
重复,3
会毁,3
辇,3
咯咯笑,3
咔嚓,3
踱步,3
都吓,3
滑,3
了老,3
急,3
的壳,3
不远处,3
华丽,3
颤,3
门口,3
射,3
提议,3
好人,3
金钢,3
向洞,3
把金钢,3
又挠,3
摆手,3
蔬菜,3
旋转,3
都怕,3
伤口,3
远处,3
星官,3
公,3
鸡,3
谢,3
呼,3
保管,3
羚羊,3
去路,3
铙里,3
亲自,3
一角,3
李,3
座上,3
擤,3
鼻,3
照顾,3
铃铛造,3
昨天,3
安,3
放心,3
脸色,3
蛛,3
吵架,3
和象,3
象,3
腌,3
运气,3
和寇,3
清白,3
西行,3
尸体,3
透,3
村里人,3
最高,2
遵命,2
位天,2
光是,2
溪里,2
树荫,2
溪边,2
海里,2
源头,2
不如,2
有趣,2
一块块,2
停住,2
高高,2
矮,2
纷纷,2
了个,2
水帘,2
竹子,2
闪着,2
在洞,2
—,2
直接,2
我先,2
清嗓子,2
参见,2
举办,2
半,2
溪,2
随后,2
片,2
砍,2
庙宇,2
庙门,2
只不过,2
资格,2
一会,2
授课,2
算,2
暗示,2
凌晨,2
三点钟,2
自然,2
照,2
坐得,2
拍手,2
叫声,2
除了,2
屋,2
秘密,2
报答,2
跑向,2
跃,2
云头,2
北,2
报,2
提到,2
寻找,2
想象,2
撮,2
叫做,2
术,2
早就,2
一整天,2
战斗,2
组成,2
喝点,2
龟,2
找件,2
龙王,2
鱼,2
送给,2
这根,2
称,2
河流,2
魔鬼,2
死亡,2
翻开,2
三百,2
出生,2
墨,2
不能,2
都划,2
有事求见,2
要求,2
工作,2
几千,2
成熟,2
眼前,2
景象,2
参加,2
已,2
醒来,2
脾气,2
大胆,2
出发,2
去捉,2
额头,2
猴,2
围,2
低沉,2
巨人,2
他晃,2
整整,2
老鹰,2
然而,2
旗杆,2
扇门,2
的牙,2
晕,2
石,2
院子,2
烟气,2
处置,2
烧化,2
炼丹,2
化成,2
灰,2
老君大叫,2
四方,2
了丹,2
伤到,2
门窗,2
闪烁,2
让位,2
腾云,2
驾雾,2
赌,2
天边,2
确认,2
齐天,2
跟头,2
从来,2
贴,2
交谈,2
骗人,2
那位,2
古,2
没关系,2
道理,2
旅,2
那件,2
荣幸,2
高山,2
要杀,2
光芒,2
上空,2
一趟,2
御,2
陡峭,2
不安,2
之间,2
罚,2
退后,2
拿下,2
一阵风,2
了云里,2
远远,2
那山,2
骑马,2
全部,2
碰到,2
缩,2
个头,2
取出,2
愿,2
他人,2
可笑,2
责怪,2
赶路,2
行为,2
就念,2
承诺,2
米,2
很帅,2
两侧,2
在念,2
疼痛,2
你骗,2
又念,2
啊啊,2
是神,2
搅动,2
波涛,2
波浪,2
那龙,2
去去,2
南海,2
原地,2
牵到,2
了岸,2
划船,2
一个个,2
旅程,2
激动,2
房顶,2
半夜,2
点火,2
墙壁,2
屋顶,2
着火,2
你住,2
放火,2
使,2
烧到,2
能力,2
灭,2
坏人,2
地大叫,2
默默,2
地念,2
再念,2
什,2
么,2
他藏,2
上门,2
捶,2
岩洞,2
本,2
震动,2
在观音,2
架,2
他咕,2
他敲,2
吼,2
礼物,2
喉咙,2
要练,2
滚来,2
恢复,2
猛,2
个夹住,2
手腕,2
踝,2
实际上,2
队伍,2
差点,2
黄色,2
皮,2
黄,2
扛,2
颤抖,2
引开,2
火来,2
钢叉,2
挺胸,2
小悟,2
树木,2
蚊子,2
弥,2
须,2
碎,2
大口,2
珠,2
堵住,2
始终,2
拜倒,2
琉璃,2
一下马,2
缰绳,2
戒敲,2
的道,2
戒去,2
模样,2
胃,2
少,2
作,2
骗子,2
权利,2
灿烂,2
灰色,2
责备,2
欢迎,2
朝西走,2
从道,2
除非,2
挥动,2
道观,2
冷静,2
拒绝,2
想想,2
进油,2
喘,2
只坏,2
之内,2
当时,2
无论,2
严寒,2
酷暑,2
我累,2
千,2
僧念,2
的来,2
偏,2
具,2
草地,2
分钟,2
锋利,2
梦话,2
找师,2
爱,2
把悟,2
女婿,2
大殿,2
草,2
把师,2
遇,2
燃起,2
递,2
要毁,2
位神,2
那神,2
界,2
了神,2
鞠,2
一躬,2
春天,2
暖,2
鲜花,2
盛开,2
戒嘀咕,2
戒挠,2
狐狸,2
意,2
很慢,2
五指山下,2
山神,2
轻松,2
你换,2
天门关,2
挤,2
兄弟,2
他装,2
副,2
解决,2
他拔,2
不同,2
那滩,2
腿化,2
完全,2
午餐,2
满意,2
彻底,2
先来,2
前一步,2
门边,2
旱灾,2
生长,2
的法,2
井边,2
来骗,2
井底,2
从此,2
进宫,2
出宫,2
打猎,2
皇家,2
珍宝,2
小白,2
兔,2
兔子,2
僧把手,2
承认,2
别动,2
漆,2
气呼呼,2
算是,2
救救,2
忍,2
药水,2
罐,2
一百,2
十,2
篷,2
绿,2
神秘,2
红云,2
这路,2
通往,2
不了,2
取经,2
恶,2
高傲,2
快放,2
失望,2
反而,2
掉到,2
那火,2
着假,2
孩,2
假观音,2
亭,2
求助,2
沉,2
海水,2
海龟,2
如同,2
露,2
当啷,2
四面八方,2
下沉,2
舅舅,2
相处,2
谁会,2
他长,2
努力,2
不笑,2
去见,2
全都,2
帝都,2
石碑,2
谜,2
嘲笑,2
失败,2
无视,2
不许,2
头痛,2
水桶,2
烧水,2
泡茶,2
坐下,2
献,2
团,2
凶,2
下雪,2
太坏,2
寒风,2
阿嚏,2
叫醒,2
结冰,2
巨响,2
冻住,2
鼋,2
第,2
石箱,2
大锤,2
池,2
逃到,2
砸碎,2
造船,2
树桩,2
修成,2
人身,2
哆嗦,2
蜷缩,2
又咕,2
温暖,2
取暖,2
长长的,2
正好,2
很暖和,2
特殊,2
挽,2
注,2
不得不,2
会生气,2
佛祖行,2
风吹,2
街道,2
感到,2
太疼,2
很疼,2
她扎,2
不怎么,2
找星,2
有事,2
疯狂,2
桌边,2
着斧,2
涨,2
痛得,2
不能伤,2
坚持,2
我要,2
好事,2
快要,2
搞,2
消灭,2
打向,2
哪个,2
作用,2
看出,2
激烈,2
他假,2
信息,2
辨认,2
真假,2
寺里,2
覆盖,2
眼熟,2
端,2
忽然,2
草丛,2
天兵们,2
小雷,2
野,2
草莓,2
的路,2
口桃,2
壮观,2
拜佛,2
对手,2
分开,2
使劲,2
救师,2
包住,2
王来,2
把布,2
想该,2
大肚子,2
瓜田,2
熟透,2
嗓子,2
朱,2
紫国,2
两边,2
墙上,2
耽误,2
大门口,2
沙子,2
啊嚏,2
和沙,2
虫,2
漂亮,2
骂,2
晃,2
你师,2
们端,2
蘑菇,2
警惕,2
墙边,2
好奇,2
会吓,2
屋里,2
蛛网,2
享受,2
戒挥舞,2
粘到,2
英雄,2
客厅,2
饭菜,2
左右,2
避开,2
针,2
打雷,2
手指,2
吃师,2
个厉,2
多少,2
聊天,2
自豪,2
运动,2
对话,2
要去,2
咻,2
里活,2
难受,2
再骗,2
牙,2
戒挥,2
朝象,2
阴暗,2
淤,2
浮,2
僧放,2
放弃,2
沿,2
风和雾,2
遮住,2
拐,2
嗝,2
至今,2
馒头,2
噜,2
必要,2
斜坡,2
净吓,2
杵,2
去寇,2
一辈子,2
村里,2
在寇,2
良心,2
整理,2
我家,2
值钱,2
聊,2
是寇,2
外是,2
了寇,2
杀人,2
陷害,2
打听,2
折,2
游魂,2
含,2
寿命,2
棺,2
尽头,2
排,2
洗澡,2
把手,2
塔,2
的佛,2
祝贺,2
木箱,2
九九八十一难,2
劫难,2
的门,2
坏蛋,2
撕开,2
朝东,2
托,2
福,2
台子,2
出世很,1
日,1
施展,1
眼射,1
强光,1
照到,1
统治者,1
扭头,1
有法,1
里发,1
合力,1
奇妙,1
一天天,1
他喝,1
是草,1
树叶,1
山洞,1
探险,1
他成,1
冲击,1
激起,1
一朵朵,1
清凉,1
溪水,1
游泳,1
树荡,1
向山,1
爬越,1
再活,1
都摇,1
让出,1
洞石猴,1
落进,1
大洞,1
壁,1
长桌,1
桌上,1
和碟子,1
舒适,1
猴子挠,1
跳来,1
相互,1
嚷,1
抢碟子,1
抢,1
卧室,1
不甘示弱,1
他清,1
意味着,1
白天,1
水果,1
坚果,1
音乐,1
伴奏,1
王坐,1
推入,1
顺,1
漂流,1
祖师美猴,1
海,1
得斧,1
住所,1
了樵,1
山边,1
大厅,1
门外,1
差不多,1
王挠,1
造,1
七,1
在庙,1
讲课,1
杂,1
平静,1
你来我,1
预,1
未来,1
我点,1
师生气,1
学生,1
秘诀那天,1
一片,1
值得一,1
耳语,1
宇宙,1
他想,1
外边,1
变法,1
短,1
手势,1
上立,1
炫耀,1
也围,1
抢走,1
人称,1
北方,1
下令,1
理,1
本领,1
们呆呆,1
阴森,1
压压,1
看上,1
剑术,1
大事,1
盔甲,1
剑来,1
大多,1
刻,1
试图,1
搏斗,1
分身,1
绑来,1
们大叫,1
做好,1
合适,1
对于,1
海底,1
位龙,1
在桌,1
一件,1
比较,1
副要,1
打发,1
个龟,1
和章,1
它轻,1
人生气,1
跟龙,1
赐下,1
抬得,1
里立,1
来量,1
行孙,1
在动,1
魔力,1
像针,1
告,1
惊叹,1
入睡,1
阴森森,1
城,1
死人,1
向着,1
边挥舞,1
期限,1
生灵,1
年纪,1
殿里,1
今日,1
’悟空,1
会错,1
生死,1
薄,1
毛笔,1
画,1
线,1
任职玉帝,1
告状,1
请求,1
前来,1
这般,1
抓来,1
负责,1
万岁,1
信儿,1
你来天,1
他该,1
我行,1
礼才,1
冷气,1
言语,1
理解,1
负,1
责,1
这园,1
这桃,1
便,1
认真,1
园悟空,1
下桃,1
自,1
打盹,1
吩咐,1
摘些,1
熟,1
女刚,1
惊,1
必定,1
吵闹,1
摘取,1
们吓,1
空空荡荡,1
她去,1
将领,1
殿来,1
多兵,1
手撑,1
可派,1
捉,1
或许,1
众猴,1
都败,1
剑挡,1
操,1
夜,1
捅向,1
麻雀,1
条鱼,1
嘴张,1
一座庙,1
则,1
踢开,1
他问,1
在捉,1
瞄准,1
扔向,1
那环,1
天宫二郎,1
捆住,1
处决,1
将将,1
了院,1
坚硬,1
都断,1
火球,1
烟雾弥漫,1
根毛,1
雷神来,1
劈,1
这雷,1
我挠,1
了炼,1
夜以继日,1
照看,1
炉火,1
四十九,1
老君想,1
从炼,1
燃烧,1
煤,1
推开,1
将炼,1
稀烂,1
来人,1
制止,1
大杀,1
天神,1
搅乱,1
那丹,1
祖来,1
速,1
乱窜,1
众神,1
在房,1
乱,1
为何,1
赌如来,1
轮回,1
世,1
多次,1
同,1
变化,1
重罚,1
越过,1
愚,1
要远,1
笔,1
如来我,1
写字,1
底部,1
你耍,1
未,1
你要,1
衣袖,1
真经五百,1
厚厚,1
的人,1
贪婪,1
打架,1
东土,1
改过自新,1
不可,1
土找,1
小群,1
经中,1
包含,1
去雷,1
袋子,1
瞬间,1
上会,1
艰险,1
大河会,1
四射,1
趟,1
御弟,1
多谢,1
行装,1
干粮,1
送行,1
高山前,1
但愿,1
承诺唐,1
走动,1
山脚,1
荆棘,1
压倒,1
那张,1
飘荡,1
山脚下,1
僧往,1
退远,1
再远,1
山升,1
底下,1
摔得,1
粉碎,1
步行,1
手下,1
掌管,1
秃鹰,1
云朵,1
正常,1
舞动,1
裂,1
碎片,1
饮,1
茶唐,1
事实,1
要害,1
佛家,1
慈悲为,1
怀,1
不伤,1
宁愿,1
从袋子,1
不当,1
妇,1
人升,1
此时,1
意思,1
不仅如此,1
当悟空,1
对观音,1
作出,1
倒影,1
圆,1
迫,1
去扯,1
生火,1
影子,1
僧愤,1
中念,1
靠,1
一步步,1
暴涨,1
一口,1
马匹,1
河中之龙,1
踏入,1
吼大叫,1
水势,1
变猛,1
响声,1
泥沙,1
浑浊,1
喊着,1
条龙太难,1
想到,1
飞身而起,1
园子,1
赐,1
眼珠,1
遇上,1
赎罪,1
方式,1
袈裟悟空,1
愣,1
当光,1
原先,1
敬,1
要渡河,1
船靠,1
渡河,1
翻山越岭,1
平原,1
是刚,1
段,1
乐意,1
提供,1
与庙,1
会取,1
荣誉,1
选,1
试穿,1
赞叹,1
借用,1
属于,1
计划住持,1
作为,1
尽,1
全力,1
它留,1
留给,1
邪光,1
打坐,1
柴火,1
点燃,1
大多数,1
都烧,1
倒塌,1
塌,1
逃命,1
却平安无事,1
安然,1
僧醒,1
弥漫,1
堆成,1
里出,1
僧挠,1
罪,1
应,1
磕头,1
精悟空,1
原本,1
掏,1
我求,1
附,1
大声笑,1
他跃,1
逃窜,1
直至,1
大力,1
我大叫,1
朋友悟空,1
踢门,1
把火,1
你做,1
抬脚踢,1
哝,1
他制,1
火眼金睛,1
打扮,1
小猴,1
只猴,1
不谈,1
你新,1
专门,1
制作,1
王摸,1
起药,1
药丸黑,1
响,1
练,1
蹿下,1
弄疼,1
属头,1
小小,1
指向,1
黑乎乎,1
宽容,1
表现,1
熊出,1
我杀,1
只熊,1
展示,1
像猪,1
重重,1
护卫那个,1
有着,1
又挥舞,1
了土,1
那猪,1
双方,1
投降,1
贬,1
个人,1
眉,1
弯,1
伟大,1
胆敢,1
躲过,1
追赶,1
接近,1
连皮,1
黄风怪悟空,1
干活,1
我去,1
享用,1
大餐,1
陌生人,1
嘀咕,1
搞定,1
嚷声,1
猪用,1
抓过,1
用些,1
几十,1
猛烈,1
黄风,1
晃动,1
都跌,1
山底,1
吹风术风,1
太强,1
很黑,1
首先,1
在须,1
飞行,1
弥山,1
急事,1
试过,1
他老实,1
剩下,1
降,1
宝珠,1
呆子,1
磨难,1
随便,1
漫长,1
艰难,1
值得,1
饱过,1
一心,1
紫,1
色,1
的杖,1
我水性,1
到水,1
退路,1
耐心,1
请观音,1
天悟,1
这马,1
是龙,1
闪电,1
从悟,1
滑脱,1
喘气,1
参果唐,1
凶恶,1
是玩笑,1
建筑物,1
个道,1
那道,1
道长,1
是不是,1
父现,1
访客,1
想给,1
做点儿,1
僧则,1
传说,1
吃了,1
说服,1
浪费,1
作响,1
窍八,1
说个,1
日光,1
他递,1
连嚼,1
没嚼,1
没顾,1
上嚼,1
检查,1
残留,1
果汁,1
对待,1
斥责,1
替身,1
错误,1
数一数,1
数量,1
同一,1
是施,1
的话会,1
等镇,1
门锁,1
踹,1
那会儿,1
解锁,1
在路,1
打扰,1
别想,1
一朵,1
叫袖,1
乾坤,1
锅悟空,1
弄倒,1
忍不住,1
他缩,1
豌豆,1
伙伴,1
事里,1
动作,1
扫进,1
在道,1
拿个,1
无比,1
那油,1
当做,1
的重,1
粗气,1
啪,1
锅裂,1
就逃,1
锅来,1
瓶两,1
那口,1
并落,1
尽快,1
少见,1
架子,1
令,1
植物,1
比如,1
那树,1
颜色,1
还长,1
树就,1
决定,1
在座,1
各位,1
大路,1
一路风雨无阻,1
中闻,1
精白,1
里眼,1
之外,1
片桃林,1
碗递,1
拿过,1
把桃,1
可惜,1
是虫,1
了虫,1
在地,1
她给,1
跨,1
距离,1
又杀,1
无辜,1
快念,1
再伤,1
咒念,1
老大爷,1
我伤,1
飘过,1
散,1
到空,1
打瞌睡悟空,1
三人,1
太累,1
父会,1
跟师,1
走遍,1
无聊,1
这树林,1
周边,1
欣赏,1
花草,1
胡子,1
僧想,1
背后,1
给点儿,1
嘴角,1
口水,1
在树林,1
当晚,1
骗局唐,1
我救,1
绑住,1
她大叫,1
塔里,1
彼此,1
部队,1
卫长,1
厉,1
戒举,1
接,1
很相,1
发起,1
打累,1
拖进,1
他摸,1
带信,1
他气,1
太爱,1
会派,1
震惊,1
家庭,1
他笑,1
岳,1
亲,1
片树林,1
想报,1
不久前,1
他现,1
父救,1
骗局,1
这山,1
勉强,1
桌前,1
内容,1
直笑,1
着急,1
失去,1
收到,1
微微,1
前往,1
观望,1
将让,1
了奎,1
宿,1
等于,1
你捉,1
住奎,1
荡,1
仪式,1
拥抱,1
母亲,1
他救,1
救人,1
阶梯,1
掰开,1
铁杆,1
戒想,1
睡觉很快,1
隐,1
讨,1
厌,1
瞌睡,1
好意思,1
小鸟,1
远点儿,1
鸟挥舞,1
耙时,1
我绊,1
戒每,1
耙大叫,1
和尚八,1
王挥舞,1
他醒,1
好久,1
救命,1
谢天谢地,1
我起,1
想法,1
压住,1
山正,1
更慢,1
重量,1
膝盖,1
弯曲,1
困住,1
瓶八,1
他斗,1
一斗,1
额,1
尽力,1
阻,1
止,1
在山,1
瓶真,1
让门,1
南天,1
交易听,1
才能,1
按,1
拳,1
传,1
行动,1
星宿,1
归位,1
交换,1
收天,1
高举,1
腰,1
上绕,1
个圈,1
缠得,1
空悟悟空,1
他袍,1
正门,1
一模,1
长得,1
双胞胎,1
王笑,1
瓶藏,1
回洞,1
一滩,1
是化,1
瓶口,1
瓶射,1
发觉,1
捧,1
了桌,1
侄子,1
哇,1
断,1
来访金角大,1
收,1
动手,1
别生气,1
我门,1
我派,1
考验,1
佛祖想,1
真诚,1
净瓶,1
僧快,1
鬼来,1
房门,1
湿淋淋,1
鬼魂那个,1
遭遇,1
一场,1
散步,1
出光,1
井口,1
来见,1
理由,1
块玉,1
便射,1
箭,1
他射,1
穿着,1
统治,1
拘捕,1
编造,1
床上,1
证据,1
他杀,1
皇宫,1
这井,1
搬开,1
井盖,1
叫猪,1
从井,1
桌,1
抱起,1
报仇,1
他活,1
丸唐,1
丹炉,1
不断,1
蒸汽,1
瓶瓶,1
蓝色,1
液体,1
老君吓,1
都别,1
手头,1
装作,1
胆子,1
搅拌,1
罐子,1
想念,1
回宫,1
着斗,1
穿斗,1
帽子,1
个响,1
僧道士,1
区分,1
都大叫,1
净站,1
戒指,1
乱念,1
绿色,1
举起手,1
示意,1
孩儿悟空,1
有朵,1
宝仗,1
小心翼翼,1
你吓,1
从不,1
招手,1
大树,1
根拔,1
差一点儿,1
击中,1
你吹,1
招术,1
你决,1
边缘,1
看不清,1
美美,1
从来不,1
轻轻,1
邪,1
能去,1
群魔王,1
道别,1
发火,1
测量,1
火悟空,1
躲避,1
烤熟,1
几缕,1
浇灭,1
呼风唤雨,1
下一场,1
暴雨,1
跌,1
漂到,1
喘息,1
拍拍,1
煮,1
去求,1
跟观音,1
驾,1
太巧,1
怒八,1
麻袋,1
套,1
你跑,1
关进,1
我得去,1
至少,1
成观音,1
找真,1
的观音,1
下方,1
的山,1
升得,1
甘,1
真火,1
到观音,1
她是,1
着空,1
一举,1
男人悟空,1
听话,1
套住,1
着观音,1
回普陀,1
退回,1
好心人,1
船里,1
划向,1
渐渐,1
沉到,1
河神悟空,1
座洞,1
标志,1
探,1
净挥,1
着气,1
质问,1
回龙,1
立即,1
流动,1
河床,1
太早,1
使命,1
正走,1
吃力,1
推着,1
辆,1
僧袍,1
又脏,1
破,1
做苦,1
工,1
枯死,1
老百姓,1
他念,1
放过,1
猴仙,1
能认,1
大仙悟空,1
个空,1
恶人,1
丢人,1
谁求,1
挑战,1
中心,1
道家,1
哝道,1
上天,1
摔碎,1
抖,1
停手,1
祈求,1
服从,1
我举,1
晴,1
滴,1
没求,1
机会,1
围观,1
他施,1
那桃,1
又站,1
是桃,1
完整,1
对了,1
了桃,1
说桃,1
经常,1
坐过,1
盘腿,1
向上,1
会输,1
上升,1
就升,1
要费,1
的脸,1
父动,1
飞到,1
僧头,1
头发,1
并挠,1
爬过,1
个喷嚏,1
专注,1
清,1
都疼,1
流水,1
太宽,1
街上,1
坐船,1
泡点儿,1
错话,1
更坏,1
每年,1
要献,1
照做,1
在笑,1
一生,1
步辇,1
着步,1
把步,1
在步,1
得怕,1
亏,1
用点儿,1
雪花,1
一片片,1
飘落,1
暖和,1
冻,1
难怪,1
也醒,1
戒盖,1
脚盖,1
严,1
实,1
和老,1
厚厚的,1
积雪,1
雪,1
融化,1
人谢,1
陈后,1
结实,1
看不到,1
颤动,1
脚下,1
妖怪悟空,1
中计,1
敲裂,1
来回,1
偶然,1
计,1
回师,1
下水,1
着宫,1
大字,1
绑架,1
关门,1
大锤挡,1
生物,1
戒假,1
大石头挡,1
宫门,1
被弹,1
被施,1
金鱼悟空,1
做篮子,1
快乐,1
相似,1
我一,1
这篮子,1
下篮子,1
有条,1
跳跃,1
僧现,1
请留,1
再住,1
伐木,1
忙碌,1
在伐,1
搬运,1
工具,1
影,1
中升,1
问题唐,1
水府,1
就离,1
修行,1
上千,1
游到,1
潜入,1
往常,1
平坦,1
顶上,1
笼罩,1
去找,1
寒,1
过于,1
吃点儿,1
到庙,1
废弃,1
煮面,1
炒菜,1
有亮,1
阳光,1
窗外,1
照亮,1
冲到,1
我快,1
冻死,1
了袖,1
扣,1
扣子,1
圈妖怪,1
他要,1
黑黑,1
虚构,1
下脚,1
打烂,1
诚实,1
一侧,1
背对,1
吸向,1
吸到,1
帮助独,1
许,1
敲打,1
被金钢,1
空空,1
对天,1
的金钢,1
劈下,1
个别,1
天快,1
适合,1
当中,1
如此,1
偷过,1
小虫,1
床边,1
说着,1
臭虫,1
他挠,1
墙角,1
放入,1
太生气,1
屏,1
反应,1
女人悟空,1
扇动,1
下金钢,1
和金钢,1
一路顺风,1
忠告,1
繁忙,1
城市,1
挤满,1
贩卖,1
香料,1
商品,1
汤,1
地闻,1
这闻,1
转眼间,1
云到,1
也到,1
又愤,1
比龙,1
卷,1
都快,1
着挠,1
蹲,1
忍受,1
难过,1
了牙,1
转圈,1
净用,1
等待,1
时机,1
流泪,1
不准,1
毒钩,1
想起,1
它扎,1
于是,1
官来,1
去星,1
样,1
带路,1
着星,1
治,1
被扎,1
那毒,1
钩,1
戒咧嘴,1
这猪,1
鸣叫,1
山间,1
回响,1
双眼,1
目标,1
道路,1
早点儿,1
脸气,1
变长,1
根棒子,1
了斧,1
这棒子,1
汗珠,1
滑落,1
没动,1
好要,1
含泪,1
大吃一惊悟空,1
摊,1
摊手,1
伤人,1
期间,1
就待,1
马去,1
了溪,1
戒往,1
来求,1
戒边,1
他求,1
戒气,1
打师,1
茫然,1
净看,1
悟空悟,1
是取,1
净到,1
净行,1
大地,1
也大叫,1
哪,1
去普陀,1
谛听观音,1
避,1
在假,1
笔直,1
够烦,1
一等,1
王摇,1
了摇,1
查找,1
他合,1
战两,1
我想,1
他法,1
他生气,1
电闪,1
雷鸣,1
了门,1
下次,1
也行,1
它扣,1
我扣,1
这碗,1
移开,1
公主悟空,1
到伤,1
走后,1
擦头,1
汗,1
夏天,1
傍晚,1
更想,1
高温,1
西面,1
就绕,1
并且,1
延伸,1
暴风雨来,1
暴风雨会,1
一把,1
扇灭,1
蒲,1
葵,1
住处,1
用用,1
怒吼,1
敌人,1
被观音,1
囚,1
禁,1
囚犯,1
又大叫,1
扇子扇子,1
的风整整,1
刮到,1
落地,1
正想,1
口袋,1
留下来,1
更生,1
定风,1
蟋蟀,1
强迫,1
喝水,1
杯子,1
你快,1
轰鸣声,1
旺,1
布满,1
欺骗,1
火势,1
向外,1
粗鲁,1
我给,1
一把假,1
聪明,1
扇子递,1
扇子法,1
一口气,1
气冲冲,1
芭蕉,1
秒,1
钟,1
山悟空,1
竟然,1
他能,1
火凤凰,1
往后,1
田野,1
高高的,1
牛时,1
和枪,1
急忙,1
朝天,1
真心,1
悔,1
妨碍,1
祸,1
你来灭,1
进炼,1
余,1
灭火,1
顶,1
就灭,1
凉爽,1
原状,1
音寺有,1
吃桃,1
登,1
也就是说,1
经快,1
听累,1
弯弯曲曲,1
牌匾,1
是个,1
正前方,1
谁竟,1
可疑,1
啷,1
喊声,1
地合,1
帮助八,1
寂静,1
是亢,1
有别,1
金饶,1
锥子,1
铙碎,1
里逃,1
着行,1
小点儿,1
踮,1
连忙,1
跑时,1
净生气,1
布要,1
云上,1
能求,1
了亢,1
可亢,1
求观音,1
和盾,1
武,1
王打不过,1
会用,1
再毁,1
不够,1
起布,1
宝物,1
威胁,1
木棒子,1
引到,1
王挥,1
假装,1
过树林,1
挑,1
眼儿,1
出布,1
衣,1
兜,1
蛇谢,1
西边,1
城里,1
卖,1
的告示,1
告示,1
寻求,1
行程,1
擅,1
到宫,1
拜见,1
理会,1
坐直,1
绢,1
叫赛,1
进攻,1
窗边,1
后背,1
宽,1
膀,1
是赛,1
很愤,1
滚滚,1
沙悟空,1
座山,1
看赛,1
还会,1
相同,1
清楚,1
灯,1
家具,1
装饰,1
椅子,1
哭泣,1
又坏,1
丑,1
天棚,1
个假,1
上衣,1
铃铛悟空,1
洞外,1
他用,1
妖醒,1
还用,1
眯眼,1
能造,1
你先,1
又晃,1
骑到,1
铃铛递,1
宴会场,1
坐满,1
菜,1
饺子,1
包子,1
女人师徒,1
踢球,1
体格,1
吓人,1
戒生气,1
能分点,1
都把手,1
脑,1
移动,1
美食,1
脚踢,1
黏,1
他动,1
不了了,1
蛛丝缠,1
了不起,1
指边,1
座道,1
观前,1
进道,1
张嘴,1
那可,1
米时,1
橱柜,1
茶里,1
下毒,1
疑心,1
后藏,1
眼睛师,1
摇摆,1
前后,1
摇晃,1
也昏,1
朝悟,1
空射,1
猛打,1
股烟,1
烟退去,1
目瞪口呆,1
姐妹,1
了愤,1
你会,1
摆脱,1
刺眼,1
鼹鼠,1
挖洞,1
挖,1
离道,1
士,1
百,1
君,1
我能,1
绣花,1
地闭,1
胳膊,1
计划前方,1
问问,1
普通人,1
乔装,1
你来,1
金星摇,1
他斜,1
监视,1
肉,1
竟,1
承诺会,1
都静,1
那话,1
走来,1
们小,1
在往,1
目,1
什么样,1
火红,1
牙齿,1
锋,1
利,1
它变,1
足够,1
踩死,1
变白,1
公平,1
不想,1
集体,1
很怕,1
得放,1
亲手,1
往下,1
狮怪象怪,1
一般,1
离洞,1
险,1
得分,1
骄傲,1
晕倒,1
扶住,1
幸亏,1
上山前,1
冷冷,1
最坏,1
不坏,1
舞,1
戒摇,1
问题象怪,1
担,1
地摇,1
连觉,1
很热,1
打喷嚏,1
功夫,1
交易,1
平安,1
他快,1
反击,1
嚼,1
真蠢,1
得见,1
咔,1
牙碎,1
得大叫,1
怒视,1
会儿,1
象怪狮怪,1
揉疼,1
上次,1
牙断,1
无奈,1
苍蝇,1
浮在,1
盐水,1
的桶,1
打象,1
后倒去,1
好别,1
弯道,1
翅膀,1
怪唐,1
盐,1
主菜,1
大蒜,1
调料油,1
摸碎,1
那种,1
造谣,1
在骗,1
救出,1
即使,1
着求,1
涌出,1
些坏,1
他眼,1
一动,1
带走,1
妖干,1
弯时,1
方,1
边上,1
全神,1
贯,1
嗝声,1
孔,1
恶心,1
替,1
着想,1
确保,1
感动,1
眨,1
孔里,1
擤出,1
肥猪,1
妖怪黑雾,1
对盛,1
当午,1
耙挡,1
不论,1
戒吓,1
逃离,1
僧生气,1
去盛,1
咒罚,1
净摇,1
偷看,1
打斗唐,1
提高,1
碰撞,1
场面,1
好师,1
尽全力,1
净跑,1
他坏,1
心情,1
这话,1
净气,1
糊涂,1
跑下,1
不光,1
趁,1
找洞,1
始,1
里一,1
用臼,1
猪来,1
没事儿,1
只怕,1
朝洞,1
丢,1
了臼,1
承诺胖,1
流出,1
相,1
蛾子,1
堆到,1
的咕噜,1
好心,1
家门口,1
外出,1
点心,1
赚,1
做善,1
重生,1
实现,1
直流口,1
面包,1
贵客,1
事件师徒,1
会求,1
早餐,1
善行,1
却想,1
从寇,1
马来,1
僧谢,1
家伙,1
外想,1
着牙,1
太久,1
更久,1
着刀,1
和斧,1
大行,1
朝向,1
的员,1
盒子,1
宝石,1
冰化,1
冒火,1
着寇,1
这边,1
对准,1
站住,1
荒唐,1
给寇,1
看热闹,1
误会,1
哀求,1
佛祖不,1
推进,1
净点头,1
感激,1
朝寇,1
趴,1
副棺,1
痛哭,1
窗帘,1
模仿,1
们杀,1
非,1
侮辱,1
墙晃,1
涌,1
千万,1
脚伸,1
佛祖派,1
踩平,1
被放,1
了第二,1
前一天,1
抽泣,1
来访,1
看守,1
牢门,1
舒服,1
僧行,1
你杀,1
看寇,1
悲剧,1
找寇,1
几页,1
找大,1
问候,1
屋内,1
看书,1
简,1
净土悟空,1
生命,1
迹象,1
了血色,1
外会,1
从棺,1
二话,1
刮风,1
有花,1
离西天,1
装有,1
李子,1
的篮子,1
通向,1
迎接,1
仆,1
芳香,1
浴缸,1
了澡,1
扬水,1
戒扬,1
完澡,1
丰盛,1
后门,1
寸,1
更加,1
在花,1
丛,1
奔跑,1
照耀,1
大山,1
静静,1
终点,1
陡,1
大河悟空,1
拜托,1
我抱,1
拍打,1
尖尖,1
细细,1
横跨,1
大河上,1
晃晃,1
太细,1
会断,1
淹死,1
主张,1
父得,1
历程,1
允许,1
底,1
船边,1
朝下游,1
飘,1
的确,1
人类,1
是仙,1
上山,1
音寺师徒,1
四人往,1
善良,1
马挥,1
是条龙,1
耀眼,1
拱门,1
对门,1
将们,1
佛祖取,1
能来西天,1
四人端,1
和雾,1
不可思议,1
挑出,1
指手画脚,1
俩别,1
领赏,1
守护,1
看观音,1
问题观音,1
僧得,1
真快,1
正念,1
解除,1
狠狠,1
要过,1
过过,1
东方,1
——哗啦,1
沉入,1
水中,1
凉,1
急流,1
都毁,1
的师徒,1
展开,1
晒,1
忘记,1
在乎,1
的棒,1
晾,1
后拉,1
撕破,1
撕坏,1
部分,1
僧摇,1
嫉妒,1
从老,1
满月,1
把路,1
很亮,1
了九九八十一难,1
安心,1
吐,1
封赏师徒,1
流下,1
人落,1
预想,1
要长,1
您不必行,1
他把手,1
取回,1
用再,1
您念,1
回雷,1
祖先,1
跟马,1
僧来西天,1
部天,1
金身,1
罗汉,1
金色,1
净坛,1
使者,1
管理,1
祭坛,1
职位,1
东方百姓,1
做到,1
无边,1
的头,1